{"client_meta":{"background_color":{"r":0.11764705926179886,"g":0.11764705926179886,"b":0.11764705926179886,"a":1},"thumbnail_size":{"width":400,"height":165},"render_coordinates":{"x":-235,"y":-554,"width":3355,"height":1385.5616455078125}},"file_name":"UI | Portal Oficinas - Consorcio Turismo Barcelona CTB","developer_related_links":[]}