{"client_meta":{"background_color":{"r":0.6810571551322937,"g":0.6810571551322937,"b":0.6810571551322937,"a":1},"thumbnail_size":{"width":280,"height":400},"render_coordinates":{"x":909,"y":-42195,"width":26730,"height":38226.5625}},"file_name":"UI | Portal B2C - Consorcio Turismo Barcelona CTB","developer_related_links":[]}