{"client_meta":{"background_color":{"r":0.7349988222122192,"g":0.7293791174888611,"b":0.7293791174888611,"a":1},"thumbnail_size":{"width":400,"height":373},"render_coordinates":{"x":-27690.810546875,"y":-11132,"width":19934.810546875,"height":18577}},"file_name":"UI | Portal Afiliats - Consorcio Turismo Barcelona CTB","developer_related_links":[]}